filename,filenameconv,value
foodplate_1,foodplate_1.jpg,1
foodplate_2,foodplate_2.jpg,1
foodplate_3,foodplate_3.jpg,1
foodplate_4,foodplate_4.jpg,1
foodplate_5,foodplate_5.jpg,1
foodplate_6,foodplate_6.jpg,1
foodplate_7,foodplate_7.jpg,1
foodplate_8,foodplate_8.jpg,1
foodplate_9,foodplate_9.jpg,1
foodplate_10,foodplate_10.jpg,1
foodplate_11,foodplate_11.jpg,1
foodplate_12,foodplate_12.jpg,1
foodplate_13,foodplate_13.jpg,1
foodplate_14,foodplate_14.jpg,1
foodplate_15,foodplate_15.jpg,1
foodplate_16,foodplate_16.jpg,1
foodplate_17,foodplate_17.jpg,1
foodplate_18,foodplate_18.jpg,1
foodplate_19,foodplate_19.jpg,1
foodplate_20,foodplate_20.jpg,1
foodplate_21,foodplate_21.jpg,1
foodplate_22,foodplate_22.jpg,1
foodplate_23,foodplate_23.jpg,1
foodplate_24,foodplate_24.jpg,1
foodplate_25,foodplate_25.jpg,1
foodplate_26,foodplate_26.jpg,1
foodplate_27,foodplate_27.jpg,1
foodplate_28,foodplate_28.jpg,1
foodplate_29,foodplate_29.jpg,1
foodplate_30,foodplate_30.jpg,1
foodplate_31,foodplate_31.jpg,1
foodplate_32,foodplate_32.jpg,1
foodplate_33,foodplate_33.jpg,1
foodplate_34,foodplate_34.jpg,1
foodplate_35,foodplate_35.jpg,1
foodplate_36,foodplate_36.jpg,1
foodplate_37,foodplate_37.jpg,1
foodplate_38,foodplate_38.jpg,1
foodplate_39,foodplate_39.jpg,1
foodplate_40,foodplate_40.jpg,1
foodplate_41,foodplate_41.jpg,1
foodplate_42,foodplate_42.jpg,1
foodplate_43,foodplate_43.jpg,1
foodplate_44,foodplate_44.jpg,1
foodplate_45,foodplate_45.jpg,1
foodplate_46,foodplate_46.jpg,1
foodplate_47,foodplate_47.jpg,1
foodplate_48,foodplate_48.jpg,1
foodplate_49,foodplate_49.jpg,1
foodplate_50,foodplate_50.jpg,1
foodplate_51,foodplate_51.jpg,1
foodplate_52,foodplate_52.jpg,1
foodplate_53,foodplate_53.jpg,1
foodplate_54,foodplate_54.jpg,1
foodplate_55,foodplate_55.jpg,1
foodplate_56,foodplate_56.jpg,1
foodplate_57,foodplate_57.jpg,1
foodplate_58,foodplate_58.jpg,1
foodplate_59,foodplate_59.jpg,1
foodplate_60,foodplate_60.jpg,1
foodplate_61,foodplate_61.jpg,1
foodplate_62,foodplate_62.jpg,1
foodplate_63,foodplate_63.jpg,1
foodplate_64,foodplate_64.jpg,1
foodplate_65,foodplate_65.jpg,1
foodplate_66,foodplate_66.jpg,1
foodplate_67,foodplate_67.jpg,1
foodplate_68,foodplate_68.jpg,1
foodplate_69,foodplate_69.jpg,1
foodplate_70,foodplate_70.jpg,1
foodplate_71,foodplate_71.jpg,1
foodplate_72,foodplate_72.jpg,1
foodplate_73,foodplate_73.jpg,1
foodplate_74,foodplate_74.jpg,1
foodplate_75,foodplate_75.jpg,1
foodplate_76,foodplate_76.jpg,1
foodplate_77,foodplate_77.jpg,1
foodplate_78,foodplate_78.jpg,1
foodplate_79,foodplate_79.jpg,1
foodplate_80,foodplate_80.jpg,1
foodplate_81,foodplate_81.jpg,1
foodplate_82,foodplate_82.jpg,1
foodplate_83,foodplate_83.jpg,1
foodplate_84,foodplate_84.jpg,1
foodplate_85,foodplate_85.jpg,1
foodplate_86,foodplate_86.jpg,1
foodplate_87,foodplate_87.jpg,1
foodplate_88,foodplate_88.jpg,1
foodplate_89,foodplate_89.jpg,1
foodplate_90,foodplate_90.jpg,1
foodplate_91,foodplate_91.jpg,1
foodplate_92,foodplate_92.jpg,1
foodplate_93,foodplate_93.jpg,1
foodplate_94,foodplate_94.jpg,1
foodplate_95,foodplate_95.jpg,1
foodplate_96,foodplate_96.jpg,1
foodplate_97,foodplate_97.jpg,1
foodplate_98,foodplate_98.jpg,1
foodplate_99,foodplate_99.jpg,1
foodplate_100,foodplate_100.jpg,1
foodplate_101,foodplate_101.jpg,1
foodplate_102,foodplate_102.jpg,1
foodplate_103,foodplate_103.jpg,1
foodplate_104,foodplate_104.jpg,1
foodplate_105,foodplate_105.jpg,1
foodplate_106,foodplate_106.jpg,1
foodplate_107,foodplate_107.jpg,1
foodplate_108,foodplate_108.jpg,1
foodplate_109,foodplate_109.jpg,1
foodplate_110,foodplate_110.jpg,1
foodplate_111,foodplate_111.jpg,1
foodplate_112,foodplate_112.jpg,1
foodplate_113,foodplate_113.jpg,1
foodplate_114,foodplate_114.jpg,1
foodplate_115,foodplate_115.jpg,1
foodplate_116,foodplate_116.jpg,1
foodplate_117,foodplate_117.jpg,1
foodplate_118,foodplate_118.jpg,1
foodplate_119,foodplate_119.jpg,1
foodplate_120,foodplate_120.jpg,1
foodplate_121,foodplate_121.jpg,1
foodplate_122,foodplate_122.jpg,1
foodplate_123,foodplate_123.jpg,1
foodplate_124,foodplate_124.jpg,1
foodplate_125,foodplate_125.jpg,1
foodplate_126,foodplate_126.jpg,1
foodplate_127,foodplate_127.jpg,1
foodplate_128,foodplate_128.jpg,1
foodplate_129,foodplate_129.jpg,1
foodplate_130,foodplate_130.jpg,1
foodplate_131,foodplate_131.jpg,1
foodplate_132,foodplate_132.jpg,1
foodplate_133,foodplate_133.jpg,1
foodplate_134,foodplate_134.jpg,1
foodplate_135,foodplate_135.jpg,1
foodplate_136,foodplate_136.jpg,1
foodplate_137,foodplate_137.jpg,1
foodplate_138,foodplate_138.jpg,1
foodplate_139,foodplate_139.jpg,1
foodplate_140,foodplate_140.jpg,1
foodplate_141,foodplate_141.jpg,1
foodplate_142,foodplate_142.jpg,1
foodplate_143,foodplate_143.jpg,1
foodplate_144,foodplate_144.jpg,1
foodplate_145,foodplate_145.jpg,1
foodplate_146,foodplate_146.jpg,1
foodplate_147,foodplate_147.jpg,1
foodplate_148,foodplate_148.jpg,1
foodplate_149,foodplate_149.jpg,1
foodplate_150,foodplate_150.jpg,1
foodplate_151,foodplate_151.jpg,1
foodplate_152,foodplate_152.jpg,1
foodplate_153,foodplate_153.jpg,1
foodplate_154,foodplate_154.jpg,1
foodplate_155,foodplate_155.jpg,1
foodplate_156,foodplate_156.jpg,1
foodplate_157,foodplate_157.jpg,1
foodplate_158,foodplate_158.jpg,1
foodplate_159,foodplate_159.jpg,1
foodplate_160,foodplate_160.jpg,1
foodplate_161,foodplate_161.jpg,1
foodplate_162,foodplate_162.jpg,1
foodplate_163,foodplate_163.jpg,1
foodplate_164,foodplate_164.jpg,1
foodplate_165,foodplate_165.jpg,1
foodplate_166,foodplate_166.jpg,1
foodplate_167,foodplate_167.jpg,1
foodplate_168,foodplate_168.jpg,1
foodplate_169,foodplate_169.jpg,1
foodplate_170,foodplate_170.jpg,1
foodplate_171,foodplate_171.jpg,1
foodplate_172,foodplate_172.jpg,1
foodplate_173,foodplate_173.jpg,1
foodplate_174,foodplate_174.jpg,1
foodplate_175,foodplate_175.jpg,1
foodplate_176,foodplate_176.jpg,1
foodplate_177,foodplate_177.jpg,1
foodplate_178,foodplate_178.jpg,1
foodplate_179,foodplate_179.jpg,1
foodplate_180,foodplate_180.jpg,1
foodplate_181,foodplate_181.jpg,1
foodplate_182,foodplate_182.jpg,1
foodplate_183,foodplate_183.jpg,1
foodplate_184,foodplate_184.jpg,1
foodplate_185,foodplate_185.jpg,1
foodplate_186,foodplate_186.jpg,1
foodplate_187,foodplate_187.jpg,1
foodplate_188,foodplate_188.jpg,1
foodplate_189,foodplate_189.jpg,1
foodplate_190,foodplate_190.jpg,1
foodplate_191,foodplate_191.jpg,1
foodplate_192,foodplate_192.jpg,1
foodplate_193,foodplate_193.jpg,1
foodplate_194,foodplate_194.jpg,1
foodplate_195,foodplate_195.jpg,1
foodplate_196,foodplate_196.jpg,1
foodplate_197,foodplate_197.jpg,1
foodplate_198,foodplate_198.jpg,1
foodplate_199,foodplate_199.jpg,1
foodplate_200,foodplate_200.jpg,1
foodplate_201,foodplate_201.jpg,1
foodplate_202,foodplate_202.jpg,1
foodplate_203,foodplate_203.jpg,1
foodplate_204,foodplate_204.jpg,1
foodplate_205,foodplate_205.jpg,1
foodplate_206,foodplate_206.jpg,1
foodplate_207,foodplate_207.jpg,1
foodplate_208,foodplate_208.jpg,1
foodplate_209,foodplate_209.jpg,1
foodplate_210,foodplate_210.jpg,1
foodplate_211,foodplate_211.jpg,1
foodplate_212,foodplate_212.jpg,1
foodplate_213,foodplate_213.jpg,1
foodplate_214,foodplate_214.jpg,1
foodplate_215,foodplate_215.jpg,1
foodplate_216,foodplate_216.jpg,1
foodplate_217,foodplate_217.jpg,1
foodplate_218,foodplate_218.jpg,1
foodplate_219,foodplate_219.jpg,1
foodplate_220,foodplate_220.jpg,1
foodplate_221,foodplate_221.jpg,1
foodplate_222,foodplate_222.jpg,1
foodplate_223,foodplate_223.jpg,1
foodplate_224,foodplate_224.jpg,1
foodplate_225,foodplate_225.jpg,1
foodplate_226,foodplate_226.jpg,1
foodplate_227,foodplate_227.jpg,1
foodplate_228,foodplate_228.jpg,1
foodplate_229,foodplate_229.jpg,1
foodplate_230,foodplate_230.jpg,1
foodplate_231,foodplate_231.jpg,1
foodplate_232,foodplate_232.jpg,1
foodplate_233,foodplate_233.jpg,1
foodplate_234,foodplate_234.jpg,1
foodplate_235,foodplate_235.jpg,1
foodplate_236,foodplate_236.jpg,1
foodplate_237,foodplate_237.jpg,1
foodplate_238,foodplate_238.jpg,1
foodplate_239,foodplate_239.jpg,1
foodplate_240,foodplate_240.jpg,1
foodplate_241,foodplate_241.jpg,1
foodplate_242,foodplate_242.jpg,1
foodplate_243,foodplate_243.jpg,1
foodplate_244,foodplate_244.jpg,1
foodplate_245,foodplate_245.jpg,1
foodplate_246,foodplate_246.jpg,1
foodplate_247,foodplate_247.jpg,1
foodplate_248,foodplate_248.jpg,1
foodplate_249,foodplate_249.jpg,1
foodplate_250,foodplate_250.jpg,1
foodplate_251,foodplate_251.jpg,1
foodplate_252,foodplate_252.jpg,1
foodplate_253,foodplate_253.jpg,1
foodplate_254,foodplate_254.jpg,1
foodplate_255,foodplate_255.jpg,1
foodplate_256,foodplate_256.jpg,1
foodplate_257,foodplate_257.jpg,1
foodplate_258,foodplate_258.jpg,1
foodplate_259,foodplate_259.jpg,1
foodplate_260,foodplate_260.jpg,1
foodplate_261,foodplate_261.jpg,1
foodplate_262,foodplate_262.jpg,1
foodplate_263,foodplate_263.jpg,1
foodplate_264,foodplate_264.jpg,1
foodplate_265,foodplate_265.jpg,1
foodplate_266,foodplate_266.jpg,1
foodplate_267,foodplate_267.jpg,1
foodplate_268,foodplate_268.jpg,1
foodplate_269,foodplate_269.jpg,1
foodplate_270,foodplate_270.jpg,1
foodplate_271,foodplate_271.jpg,1
foodplate_272,foodplate_272.jpg,1
foodplate_273,foodplate_273.jpg,1
foodplate_274,foodplate_274.jpg,1
foodplate_275,foodplate_275.jpg,1
foodplate_276,foodplate_276.jpg,1
foodplate_277,foodplate_277.jpg,1
foodplate_278,foodplate_278.jpg,1
foodplate_279,foodplate_279.jpg,1
foodplate_280,foodplate_280.jpg,1
foodplate_281,foodplate_281.jpg,1
foodplate_282,foodplate_282.jpg,1
foodplate_283,foodplate_283.jpg,1
foodplate_284,foodplate_284.jpg,1
foodplate_285,foodplate_285.jpg,1
foodplate_286,foodplate_286.jpg,1
foodplate_287,foodplate_287.jpg,1
foodplate_288,foodplate_288.jpg,1
foodplate_289,foodplate_289.jpg,1
foodplate_290,foodplate_290.jpg,1
foodplate_291,foodplate_291.jpg,1
foodplate_292,foodplate_292.jpg,1
foodplate_293,foodplate_293.jpg,1
foodplate_294,foodplate_294.jpg,1
foodplate_295,foodplate_295.jpg,1
foodplate_296,foodplate_296.jpg,1
foodplate_297,foodplate_297.jpg,1
foodplate_298,foodplate_298.jpg,1
foodplate_299,foodplate_299.jpg,1
foodplate_300,foodplate_300.jpg,1
foodplate_301,foodplate_301.jpg,1
foodplate_302,foodplate_302.jpg,1
foodplate_303,foodplate_303.jpg,1
foodplate_304,foodplate_304.jpg,1
foodplate_305,foodplate_305.jpg,1
foodplate_306,foodplate_306.jpg,1
foodplate_307,foodplate_307.jpg,1
foodplate_308,foodplate_308.jpg,1
foodplate_309,foodplate_309.jpg,1
foodplate_310,foodplate_310.jpg,1
foodplate_311,foodplate_311.jpg,1
foodplate_312,foodplate_312.jpg,1
foodplate_313,foodplate_313.jpg,1
foodplate_314,foodplate_314.jpg,1
foodplate_315,foodplate_315.jpg,1
foodplate_316,foodplate_316.jpg,1
foodplate_317,foodplate_317.jpg,1
foodplate_318,foodplate_318.jpg,1
foodplate_319,foodplate_319.jpg,1
foodplate_320,foodplate_320.jpg,1
foodplate_321,foodplate_321.jpg,1
foodplate_322,foodplate_322.jpg,1
foodplate_323,foodplate_323.jpg,1
foodplate_324,foodplate_324.jpg,1
foodplate_325,foodplate_325.jpg,1
foodplate_326,foodplate_326.jpg,1
foodplate_327,foodplate_327.jpg,1
foodplate_328,foodplate_328.jpg,1
foodplate_329,foodplate_329.jpg,1
foodplate_330,foodplate_330.jpg,1
foodplate_331,foodplate_331.jpg,1
foodplate_332,foodplate_332.jpg,1
foodplate_333,foodplate_333.jpg,1
foodplate_334,foodplate_334.jpg,1
foodplate_335,foodplate_335.jpg,1
foodplate_336,foodplate_336.jpg,1
foodplate_337,foodplate_337.jpg,1
foodplate_338,foodplate_338.jpg,1
foodplate_339,foodplate_339.jpg,1
foodplate_340,foodplate_340.jpg,1
foodplate_341,foodplate_341.jpg,1
foodplate_342,foodplate_342.jpg,1
foodplate_343,foodplate_343.jpg,1
foodplate_344,foodplate_344.jpg,1
foodplate_345,foodplate_345.jpg,1
foodplate_346,foodplate_346.jpg,1
foodplate_347,foodplate_347.jpg,1
foodplate_348,foodplate_348.jpg,1
foodplate_349,foodplate_349.jpg,1
foodplate_350,foodplate_350.jpg,1
foodplate_351,foodplate_351.jpg,1
foodplate_352,foodplate_352.jpg,1
foodplate_353,foodplate_353.jpg,1
foodplate_354,foodplate_354.jpg,1
foodplate_355,foodplate_355.jpg,1
foodplate_356,foodplate_356.jpg,1
foodplate_357,foodplate_357.jpg,1
foodplate_358,foodplate_358.jpg,1
foodplate_359,foodplate_359.jpg,1
foodplate_360,foodplate_360.jpg,1
foodplate_361,foodplate_361.jpg,1
foodplate_362,foodplate_362.jpg,1
foodplate_363,foodplate_363.jpg,1
foodplate_364,foodplate_364.jpg,1
foodplate_365,foodplate_365.jpg,1
foodplate_366,foodplate_366.jpg,1
foodplate_367,foodplate_367.jpg,1
foodplate_368,foodplate_368.jpg,1
foodplate_369,foodplate_369.jpg,1
foodplate_370,foodplate_370.jpg,1
foodplate_371,foodplate_371.jpg,1
foodplate_372,foodplate_372.jpg,1
foodplate_373,foodplate_373.jpg,1
foodplate_374,foodplate_374.jpg,1
foodplate_375,foodplate_375.jpg,1
foodplate_376,foodplate_376.jpg,1
foodplate_377,foodplate_377.jpg,1
foodplate_378,foodplate_378.jpg,1
foodplate_379,foodplate_379.jpg,1
foodplate_380,foodplate_380.jpg,1
foodplate_381,foodplate_381.jpg,1
foodplate_382,foodplate_382.jpg,1
foodplate_383,foodplate_383.jpg,1
foodplate_384,foodplate_384.jpg,1
foodplate_385,foodplate_385.jpg,1
foodplate_386,foodplate_386.jpg,1
foodplate_387,foodplate_387.jpg,1
foodplate_388,foodplate_388.jpg,1
foodplate_389,foodplate_389.jpg,1
foodplate_390,foodplate_390.jpg,1
foodplate_391,foodplate_391.jpg,1
foodplate_392,foodplate_392.jpg,1
foodplate_393,foodplate_393.jpg,1
foodplate_394,foodplate_394.jpg,1
foodplate_395,foodplate_395.jpg,1
foodplate_396,foodplate_396.jpg,1
foodplate_397,foodplate_397.jpg,1
foodplate_398,foodplate_398.jpg,1
foodplate_399,foodplate_399.jpg,1
foodplate_400,foodplate_400.jpg,1
foodplate_401,foodplate_401.jpg,1
foodplate_402,foodplate_402.jpg,1
foodplate_403,foodplate_403.jpg,1
foodplate_404,foodplate_404.jpg,1
foodplate_405,foodplate_405.jpg,1
foodplate_406,foodplate_406.jpg,1
foodplate_407,foodplate_407.jpg,1
foodplate_408,foodplate_408.jpg,1
foodplate_409,foodplate_409.jpg,1
foodplate_410,foodplate_410.jpg,1
foodplate_411,foodplate_411.jpg,1
foodplate_412,foodplate_412.jpg,1
foodplate_413,foodplate_413.jpg,1
foodplate_414,foodplate_414.jpg,1
foodplate_415,foodplate_415.jpg,1
foodplate_416,foodplate_416.jpg,1
foodplate_417,foodplate_417.jpg,1
foodplate_418,foodplate_418.jpg,1
foodplate_419,foodplate_419.jpg,1
foodplate_420,foodplate_420.jpg,1
foodplate_421,foodplate_421.jpg,1
foodplate_422,foodplate_422.jpg,1
foodplate_423,foodplate_423.jpg,1
foodplate_424,foodplate_424.jpg,1
foodplate_425,foodplate_425.jpg,1
foodplate_426,foodplate_426.jpg,1
foodplate_427,foodplate_427.jpg,1
foodplate_428,foodplate_428.jpg,1
foodplate_429,foodplate_429.jpg,1
foodplate_430,foodplate_430.jpg,1
foodplate_431,foodplate_431.jpg,1
foodplate_432,foodplate_432.jpg,1
foodplate_433,foodplate_433.jpg,1
foodplate_434,foodplate_434.jpg,1
foodplate_435,foodplate_435.jpg,1
foodplate_436,foodplate_436.jpg,1
foodplate_437,foodplate_437.jpg,1
foodplate_438,foodplate_438.jpg,1
foodplate_439,foodplate_439.jpg,1
foodplate_440,foodplate_440.jpg,1
foodplate_441,foodplate_441.jpg,1
foodplate_442,foodplate_442.jpg,1
foodplate_443,foodplate_443.jpg,1
foodplate_444,foodplate_444.jpg,1
foodplate_445,foodplate_445.jpg,1
foodplate_446,foodplate_446.jpg,1
foodplate_447,foodplate_447.jpg,1
foodplate_448,foodplate_448.jpg,1
foodplate_449,foodplate_449.jpg,1
foodplate_450,foodplate_450.jpg,1
foodplate_451,foodplate_451.jpg,1
foodplate_452,foodplate_452.jpg,1
foodplate_453,foodplate_453.jpg,1
foodplate_454,foodplate_454.jpg,1
foodplate_455,foodplate_455.jpg,1
foodplate_456,foodplate_456.jpg,1
foodplate_457,foodplate_457.jpg,1
foodplate_458,foodplate_458.jpg,1
foodplate_459,foodplate_459.jpg,1
foodplate_460,foodplate_460.jpg,1
foodplate_461,foodplate_461.jpg,1
foodplate_462,foodplate_462.jpg,1
foodplate_463,foodplate_463.jpg,1
foodplate_464,foodplate_464.jpg,1
foodplate_465,foodplate_465.jpg,1
foodplate_466,foodplate_466.jpg,1
foodplate_467,foodplate_467.jpg,1
foodplate_468,foodplate_468.jpg,1
foodplate_469,foodplate_469.jpg,1
foodplate_470,foodplate_470.jpg,1
foodplate_471,foodplate_471.jpg,1
foodplate_472,foodplate_472.jpg,1
foodplate_473,foodplate_473.jpg,1
foodplate_474,foodplate_474.jpg,1
foodplate_475,foodplate_475.jpg,1
foodplate_476,foodplate_476.jpg,1
foodplate_477,foodplate_477.jpg,1
foodplate_478,foodplate_478.jpg,1
foodplate_479,foodplate_479.jpg,1
foodplate_480,foodplate_480.jpg,1
foodplate_481,foodplate_481.jpg,1
foodplate_482,foodplate_482.jpg,1
foodplate_483,foodplate_483.jpg,1
foodplate_484,foodplate_484.jpg,1
foodplate_485,foodplate_485.jpg,1
foodplate_486,foodplate_486.jpg,1
foodplate_487,foodplate_487.jpg,1
foodplate_488,foodplate_488.jpg,1
foodplate_489,foodplate_489.jpg,1
foodplate_490,foodplate_490.jpg,1
foodplate_491,foodplate_491.jpg,1
foodplate_492,foodplate_492.jpg,1
foodplate_493,foodplate_493.jpg,1
foodplate_494,foodplate_494.jpg,1
foodplate_495,foodplate_495.jpg,1
foodplate_496,foodplate_496.jpg,1
foodplate_497,foodplate_497.jpg,1
foodplate_498,foodplate_498.jpg,1
foodplate_499,foodplate_499.jpg,1
foodplate_500,foodplate_500.jpg,1
foodplate_501,foodplate_501.jpg,1
foodplate_502,foodplate_502.jpg,1
foodplate_503,foodplate_503.jpg,1
foodplate_504,foodplate_504.jpg,1
foodplate_505,foodplate_505.jpg,1
foodplate_506,foodplate_506.jpg,1
foodplate_507,foodplate_507.jpg,1
foodplate_508,foodplate_508.jpg,1
foodplate_509,foodplate_509.jpg,1
foodplate_510,foodplate_510.jpg,1
foodplate_511,foodplate_511.jpg,1
foodplate_512,foodplate_512.jpg,1
foodplate_513,foodplate_513.jpg,1
foodplate_514,foodplate_514.jpg,1
foodplate_515,foodplate_515.jpg,1
foodplate_516,foodplate_516.jpg,1
foodplate_517,foodplate_517.jpg,1
foodplate_518,foodplate_518.jpg,1
foodplate_519,foodplate_519.jpg,1
foodplate_520,foodplate_520.jpg,1
foodplate_521,foodplate_521.jpg,1
foodplate_522,foodplate_522.jpg,1
foodplate_523,foodplate_523.jpg,1
foodplate_524,foodplate_524.jpg,1
foodplate_525,foodplate_525.jpg,1
foodplate_526,foodplate_526.jpg,1
foodplate_527,foodplate_527.jpg,1
foodplate_528,foodplate_528.jpg,1
foodplate_529,foodplate_529.jpg,1
foodplate_530,foodplate_530.jpg,1
foodplate_531,foodplate_531.jpg,1
foodplate_532,foodplate_532.jpg,1
foodplate_533,foodplate_533.jpg,1
foodplate_534,foodplate_534.jpg,1
foodplate_535,foodplate_535.jpg,1
foodplate_536,foodplate_536.jpg,1
foodplate_537,foodplate_537.jpg,1
foodplate_538,foodplate_538.jpg,1
foodplate_539,foodplate_539.jpg,1
foodplate_540,foodplate_540.jpg,1
foodplate_541,foodplate_541.jpg,1
foodplate_542,foodplate_542.jpg,1
foodplate_543,foodplate_543.jpg,1
foodplate_544,foodplate_544.jpg,1
foodplate_545,foodplate_545.jpg,1
foodplate_546,foodplate_546.jpg,1
foodplate_547,foodplate_547.jpg,1
foodplate_548,foodplate_548.jpg,1
foodplate_549,foodplate_549.jpg,1
foodplate_550,foodplate_550.jpg,1
foodplate_551,foodplate_551.jpg,1
foodplate_552,foodplate_552.jpg,1
foodplate_553,foodplate_553.jpg,1
foodplate_554,foodplate_554.jpg,1
foodplate_555,foodplate_555.jpg,1
foodplate_556,foodplate_556.jpg,1
foodplate_557,foodplate_557.jpg,1
foodplate_558,foodplate_558.jpg,1
foodplate_559,foodplate_559.jpg,1
foodplate_560,foodplate_560.jpg,1
foodplate_561,foodplate_561.jpg,1
foodplate_562,foodplate_562.jpg,1
foodplate_563,foodplate_563.jpg,1
foodplate_564,foodplate_564.jpg,1
foodplate_565,foodplate_565.jpg,1
foodplate_566,foodplate_566.jpg,1
foodplate_567,foodplate_567.jpg,1
foodplate_568,foodplate_568.jpg,1
foodplate_569,foodplate_569.jpg,1
foodplate_570,foodplate_570.jpg,1
foodplate_571,foodplate_571.jpg,1
foodplate_572,foodplate_572.jpg,1
foodplate_573,foodplate_573.jpg,1
foodplate_574,foodplate_574.jpg,1
foodplate_575,foodplate_575.jpg,1
foodplate_576,foodplate_576.jpg,1
foodplate_577,foodplate_577.jpg,1
foodplate_578,foodplate_578.jpg,1
foodplate_579,foodplate_579.jpg,1
foodplate_580,foodplate_580.jpg,1
foodplate_581,foodplate_581.jpg,1
foodplate_582,foodplate_582.jpg,1
foodplate_583,foodplate_583.jpg,1
foodplate_584,foodplate_584.jpg,1
foodplate_585,foodplate_585.jpg,1
foodplate_586,foodplate_586.jpg,1
foodplate_587,foodplate_587.jpg,1
foodplate_588,foodplate_588.jpg,1
foodplate_589,foodplate_589.jpg,1
foodplate_590,foodplate_590.jpg,1
foodplate_591,foodplate_591.jpg,1
foodplate_592,foodplate_592.jpg,1
foodplate_593,foodplate_593.jpg,1
foodplate_594,foodplate_594.jpg,1
foodplate_595,foodplate_595.jpg,1
foodplate_596,foodplate_596.jpg,1
foodplate_597,foodplate_597.jpg,1
foodplate_598,foodplate_598.jpg,1
foodplate_599,foodplate_599.jpg,1
foodplate_600,foodplate_600.jpg,1
foodplate_601,foodplate_601.jpg,1
foodplate_602,foodplate_602.jpg,1
foodplate_603,foodplate_603.jpg,1
foodplate_604,foodplate_604.jpg,1
foodplate_605,foodplate_605.jpg,1
foodplate_606,foodplate_606.jpg,1
foodplate_607,foodplate_607.jpg,1
foodplate_608,foodplate_608.jpg,1
foodplate_609,foodplate_609.jpg,1
foodplate_610,foodplate_610.jpg,1
foodplate_611,foodplate_611.jpg,1
foodplate_612,foodplate_612.jpg,1
foodplate_613,foodplate_613.jpg,1
foodplate_614,foodplate_614.jpg,1
foodplate_615,foodplate_615.jpg,1
foodplate_616,foodplate_616.jpg,1
foodplate_617,foodplate_617.jpg,1
foodplate_618,foodplate_618.jpg,1
foodplate_619,foodplate_619.jpg,1
foodplate_620,foodplate_620.jpg,1
foodplate_621,foodplate_621.jpg,1
foodplate_622,foodplate_622.jpg,1
foodplate_623,foodplate_623.jpg,1
foodplate_624,foodplate_624.jpg,1
foodplate_625,foodplate_625.jpg,1
foodplate_626,foodplate_626.jpg,1
foodplate_627,foodplate_627.jpg,1
foodplate_628,foodplate_628.jpg,1
foodplate_629,foodplate_629.jpg,1
foodplate_630,foodplate_630.jpg,1
foodplate_631,foodplate_631.jpg,1
foodplate_632,foodplate_632.jpg,1
foodplate_633,foodplate_633.jpg,1
foodplate_634,foodplate_634.jpg,1
foodplate_635,foodplate_635.jpg,1
foodplate_636,foodplate_636.jpg,1
foodplate_637,foodplate_637.jpg,1
foodplate_638,foodplate_638.jpg,1
foodplate_639,foodplate_639.jpg,1
foodplate_640,foodplate_640.jpg,1
foodplate_641,foodplate_641.jpg,1
foodplate_642,foodplate_642.jpg,1
foodplate_643,foodplate_643.jpg,1
foodplate_644,foodplate_644.jpg,1
foodplate_645,foodplate_645.jpg,1
foodplate_646,foodplate_646.jpg,1
foodplate_647,foodplate_647.jpg,1
foodplate_648,foodplate_648.jpg,1
foodplate_649,foodplate_649.jpg,1
foodplate_650,foodplate_650.jpg,1
foodplate_651,foodplate_651.jpg,1
foodplate_652,foodplate_652.jpg,1
foodplate_653,foodplate_653.jpg,1
foodplate_654,foodplate_654.jpg,1
foodplate_655,foodplate_655.jpg,1
foodplate_656,foodplate_656.jpg,1
foodplate_657,foodplate_657.jpg,1
foodplate_658,foodplate_658.jpg,1
foodplate_659,foodplate_659.jpg,1
foodplate_660,foodplate_660.jpg,1
foodplate_661,foodplate_661.jpg,1
foodplate_662,foodplate_662.jpg,1
foodplate_663,foodplate_663.jpg,1
foodplate_664,foodplate_664.jpg,1
foodplate_665,foodplate_665.jpg,1
foodplate_666,foodplate_666.jpg,1
foodplate_667,foodplate_667.jpg,1
foodplate_668,foodplate_668.jpg,1
foodplate_669,foodplate_669.jpg,1
foodplate_670,foodplate_670.jpg,1
foodplate_671,foodplate_671.jpg,1
foodplate_672,foodplate_672.jpg,1
foodplate_673,foodplate_673.jpg,1
foodplate_674,foodplate_674.jpg,1
foodplate_675,foodplate_675.jpg,1
foodplate_676,foodplate_676.jpg,1
foodplate_677,foodplate_677.jpg,1
foodplate_678,foodplate_678.jpg,1
foodplate_679,foodplate_679.jpg,1
foodplate_680,foodplate_680.jpg,1
foodplate_681,foodplate_681.jpg,1
foodplate_682,foodplate_682.jpg,1
foodplate_683,foodplate_683.jpg,1
foodplate_684,foodplate_684.jpg,1
foodplate_685,foodplate_685.jpg,1
foodplate_686,foodplate_686.jpg,1
foodplate_687,foodplate_687.jpg,1
foodplate_688,foodplate_688.jpg,1
foodplate_689,foodplate_689.jpg,1
foodplate_690,foodplate_690.jpg,1
foodplate_691,foodplate_691.jpg,1
foodplate_692,foodplate_692.jpg,1
foodplate_693,foodplate_693.jpg,1
foodplate_694,foodplate_694.jpg,1
foodplate_695,foodplate_695.jpg,1
foodplate_696,foodplate_696.jpg,1
foodplate_697,foodplate_697.jpg,1
foodplate_698,foodplate_698.jpg,1
foodplate_699,foodplate_699.jpg,1
foodplate_700,foodplate_700.jpg,1
foodplate_701,foodplate_701.jpg,1
foodplate_702,foodplate_702.jpg,1
foodplate_703,foodplate_703.jpg,1
foodplate_704,foodplate_704.jpg,1
foodplate_705,foodplate_705.jpg,1
foodplate_706,foodplate_706.jpg,1
foodplate_707,foodplate_707.jpg,1
foodplate_708,foodplate_708.jpg,1
foodplate_709,foodplate_709.jpg,1
foodplate_710,foodplate_710.jpg,1
foodplate_711,foodplate_711.jpg,1
foodplate_712,foodplate_712.jpg,1
foodplate_713,foodplate_713.jpg,1
foodplate_714,foodplate_714.jpg,1
foodplate_715,foodplate_715.jpg,1
foodplate_716,foodplate_716.jpg,1
foodplate_717,foodplate_717.jpg,1
foodplate_718,foodplate_718.jpg,1
foodplate_719,foodplate_719.jpg,1
foodplate_720,foodplate_720.jpg,1
foodplate_721,foodplate_721.jpg,1
foodplate_722,foodplate_722.jpg,1
foodplate_723,foodplate_723.jpg,1
foodplate_724,foodplate_724.jpg,1
foodplate_725,foodplate_725.jpg,1
foodplate_726,foodplate_726.jpg,1
foodplate_727,foodplate_727.jpg,1
foodplate_728,foodplate_728.jpg,1
foodplate_729,foodplate_729.jpg,1
foodplate_730,foodplate_730.jpg,1
foodplate_731,foodplate_731.jpg,1
foodplate_732,foodplate_732.jpg,1
foodplate_733,foodplate_733.jpg,1
foodplate_734,foodplate_734.jpg,1
foodplate_735,foodplate_735.jpg,1
foodplate_736,foodplate_736.jpg,1
foodplate_737,foodplate_737.jpg,1
foodplate_738,foodplate_738.jpg,1
foodplate_739,foodplate_739.jpg,1
foodplate_740,foodplate_740.jpg,1
foodplate_741,foodplate_741.jpg,1
foodplate_742,foodplate_742.jpg,1
foodplate_743,foodplate_743.jpg,1
foodplate_744,foodplate_744.jpg,1
foodplate_745,foodplate_745.jpg,1
foodplate_746,foodplate_746.jpg,1
foodplate_747,foodplate_747.jpg,1
foodplate_748,foodplate_748.jpg,1
foodplate_749,foodplate_749.jpg,1
foodplate_750,foodplate_750.jpg,1
foodplate_751,foodplate_751.jpg,1
foodplate_752,foodplate_752.jpg,1
foodplate_753,foodplate_753.jpg,1
foodplate_754,foodplate_754.jpg,1
foodplate_755,foodplate_755.jpg,1
foodplate_756,foodplate_756.jpg,1
foodplate_757,foodplate_757.jpg,1
foodplate_758,foodplate_758.jpg,1
foodplate_759,foodplate_759.jpg,1
foodplate_760,foodplate_760.jpg,1
foodplate_761,foodplate_761.jpg,1
foodplate_762,foodplate_762.jpg,1
foodplate_763,foodplate_763.jpg,1
foodplate_764,foodplate_764.jpg,1
foodplate_765,foodplate_765.jpg,1
foodplate_766,foodplate_766.jpg,1
foodplate_767,foodplate_767.jpg,1
foodplate_768,foodplate_768.jpg,1
foodplate_769,foodplate_769.jpg,1
foodplate_770,foodplate_770.jpg,1
foodplate_771,foodplate_771.jpg,1
foodplate_772,foodplate_772.jpg,1
foodplate_773,foodplate_773.jpg,1
foodplate_774,foodplate_774.jpg,1
foodplate_775,foodplate_775.jpg,1
foodplate_776,foodplate_776.jpg,1
foodplate_777,foodplate_777.jpg,1
foodplate_778,foodplate_778.jpg,1
foodplate_779,foodplate_779.jpg,1
foodplate_780,foodplate_780.jpg,1
foodplate_781,foodplate_781.jpg,1
foodplate_782,foodplate_782.jpg,1
foodplate_783,foodplate_783.jpg,1
foodplate_784,foodplate_784.jpg,1
foodplate_785,foodplate_785.jpg,1
foodplate_786,foodplate_786.jpg,1
foodplate_787,foodplate_787.jpg,1
foodplate_788,foodplate_788.jpg,1
foodplate_789,foodplate_789.jpg,1
foodplate_790,foodplate_790.jpg,1
foodplate_791,foodplate_791.jpg,1
foodplate_792,foodplate_792.jpg,1
foodplate_793,foodplate_793.jpg,1
foodplate_794,foodplate_794.jpg,1
foodplate_795,foodplate_795.jpg,1
foodplate_796,foodplate_796.jpg,1
foodplate_797,foodplate_797.jpg,1
foodplate_798,foodplate_798.jpg,1
foodplate_799,foodplate_799.jpg,1
foodplate_800,foodplate_800.jpg,1
foodplate_801,foodplate_801.jpg,1
foodplate_802,foodplate_802.jpg,1
foodplate_803,foodplate_803.jpg,1
foodplate_804,foodplate_804.jpg,1
foodplate_805,foodplate_805.jpg,1
foodplate_806,foodplate_806.jpg,1
foodplate_807,foodplate_807.jpg,1
foodplate_808,foodplate_808.jpg,1
foodplate_809,foodplate_809.jpg,1
foodplate_810,foodplate_810.jpg,1
foodplate_811,foodplate_811.jpg,1
foodplate_812,foodplate_812.jpg,1
foodplate_813,foodplate_813.jpg,1
foodplate_814,foodplate_814.jpg,1
foodplate_815,foodplate_815.jpg,1
foodplate_816,foodplate_816.jpg,1
foodplate_817,foodplate_817.jpg,1
foodplate_818,foodplate_818.jpg,1
foodplate_819,foodplate_819.jpg,1
foodplate_820,foodplate_820.jpg,1
foodplate_821,foodplate_821.jpg,1
foodplate_822,foodplate_822.jpg,1
foodplate_823,foodplate_823.jpg,1
foodplate_824,foodplate_824.jpg,1
foodplate_825,foodplate_825.jpg,1
foodplate_826,foodplate_826.jpg,1
foodplate_827,foodplate_827.jpg,1
foodplate_828,foodplate_828.jpg,1
foodplate_829,foodplate_829.jpg,1
foodplate_830,foodplate_830.jpg,1
foodplate_831,foodplate_831.jpg,1
foodplate_832,foodplate_832.jpg,1
foodplate_833,foodplate_833.jpg,1
foodplate_834,foodplate_834.jpg,1
foodplate_835,foodplate_835.jpg,1
foodplate_836,foodplate_836.jpg,1
foodplate_837,foodplate_837.jpg,1
foodplate_838,foodplate_838.jpg,1
foodplate_839,foodplate_839.jpg,1
foodplate_840,foodplate_840.jpg,1
foodplate_841,foodplate_841.jpg,1
foodplate_842,foodplate_842.jpg,1
foodplate_843,foodplate_843.jpg,1
foodplate_844,foodplate_844.jpg,1
foodplate_845,foodplate_845.jpg,1
foodplate_846,foodplate_846.jpg,1
foodplate_847,foodplate_847.jpg,1
foodplate_848,foodplate_848.jpg,1
foodplate_849,foodplate_849.jpg,1
foodplate_850,foodplate_850.jpg,1
foodplate_851,foodplate_851.jpg,1
foodplate_852,foodplate_852.jpg,1
foodplate_853,foodplate_853.jpg,1
foodplate_854,foodplate_854.jpg,1
foodplate_855,foodplate_855.jpg,1
foodplate_856,foodplate_856.jpg,1
foodplate_857,foodplate_857.jpg,1
foodplate_858,foodplate_858.jpg,1
foodplate_859,foodplate_859.jpg,1
foodplate_860,foodplate_860.jpg,1
foodplate_861,foodplate_861.jpg,1
foodplate_862,foodplate_862.jpg,1
foodplate_863,foodplate_863.jpg,1
foodplate_864,foodplate_864.jpg,1
foodplate_865,foodplate_865.jpg,1
foodplate_866,foodplate_866.jpg,1
foodplate_867,foodplate_867.jpg,1
foodplate_868,foodplate_868.jpg,1
foodplate_869,foodplate_869.jpg,1
foodplate_870,foodplate_870.jpg,1
foodplate_871,foodplate_871.jpg,1
foodplate_872,foodplate_872.jpg,1
foodplate_873,foodplate_873.jpg,1
foodplate_874,foodplate_874.jpg,1
foodplate_875,foodplate_875.jpg,1
foodplate_876,foodplate_876.jpg,1
foodplate_877,foodplate_877.jpg,1
foodplate_878,foodplate_878.jpg,1
foodplate_879,foodplate_879.jpg,1
foodplate_880,foodplate_880.jpg,1
foodplate_881,foodplate_881.jpg,1
foodplate_882,foodplate_882.jpg,1
foodplate_883,foodplate_883.jpg,1
foodplate_884,foodplate_884.jpg,1
foodplate_885,foodplate_885.jpg,1
foodplate_886,foodplate_886.jpg,1
foodplate_887,foodplate_887.jpg,1
foodplate_888,foodplate_888.jpg,1
foodplate_889,foodplate_889.jpg,1
foodplate_890,foodplate_890.jpg,1
foodplate_891,foodplate_891.jpg,1
foodplate_892,foodplate_892.jpg,1
foodplate_893,foodplate_893.jpg,1
foodplate_894,foodplate_894.jpg,1
foodplate_895,foodplate_895.jpg,1
foodplate_896,foodplate_896.jpg,1
foodplate_897,foodplate_897.jpg,1
foodplate_898,foodplate_898.jpg,1
foodplate_899,foodplate_899.jpg,1
foodplate_900,foodplate_900.jpg,1
foodplate_901,foodplate_901.jpg,1
foodplate_902,foodplate_902.jpg,1
foodplate_903,foodplate_903.jpg,1
foodplate_904,foodplate_904.jpg,1
foodplate_905,foodplate_905.jpg,1
foodplate_906,foodplate_906.jpg,1
foodplate_907,foodplate_907.jpg,1
foodplate_908,foodplate_908.jpg,1
foodplate_909,foodplate_909.jpg,1
foodplate_910,foodplate_910.jpg,1
foodplate_911,foodplate_911.jpg,1
foodplate_912,foodplate_912.jpg,1
foodplate_913,foodplate_913.jpg,1
foodplate_914,foodplate_914.jpg,1
foodplate_915,foodplate_915.jpg,1
foodplate_916,foodplate_916.jpg,1
foodplate_917,foodplate_917.jpg,1
foodplate_918,foodplate_918.jpg,1
foodplate_919,foodplate_919.jpg,1
foodplate_920,foodplate_920.jpg,1
foodplate_921,foodplate_921.jpg,1
foodplate_922,foodplate_922.jpg,1
foodplate_923,foodplate_923.jpg,1
foodplate_924,foodplate_924.jpg,1
foodplate_925,foodplate_925.jpg,1
foodplate_926,foodplate_926.jpg,1
foodplate_927,foodplate_927.jpg,1
foodplate_928,foodplate_928.jpg,1
foodplate_929,foodplate_929.jpg,1
foodplate_930,foodplate_930.jpg,1
foodplate_931,foodplate_931.jpg,1
foodplate_932,foodplate_932.jpg,1
foodplate_933,foodplate_933.jpg,1
foodplate_934,foodplate_934.jpg,1
foodplate_935,foodplate_935.jpg,1
foodplate_936,foodplate_936.jpg,1
foodplate_937,foodplate_937.jpg,1
foodplate_938,foodplate_938.jpg,1
foodplate_939,foodplate_939.jpg,1
foodplate_940,foodplate_940.jpg,1
foodplate_941,foodplate_941.jpg,1
foodplate_942,foodplate_942.jpg,1
foodplate_943,foodplate_943.jpg,1
foodplate_944,foodplate_944.jpg,1
foodplate_945,foodplate_945.jpg,1
foodplate_946,foodplate_946.jpg,1
foodplate_947,foodplate_947.jpg,1
foodplate_948,foodplate_948.jpg,1
foodplate_949,foodplate_949.jpg,1
foodplate_950,foodplate_950.jpg,1
foodplate_951,foodplate_951.jpg,1
foodplate_952,foodplate_952.jpg,1
foodplate_953,foodplate_953.jpg,1
foodplate_954,foodplate_954.jpg,1
foodplate_955,foodplate_955.jpg,1
foodplate_956,foodplate_956.jpg,1
foodplate_957,foodplate_957.jpg,1
foodplate_958,foodplate_958.jpg,1
foodplate_959,foodplate_959.jpg,1
foodplate_960,foodplate_960.jpg,1
foodplate_961,foodplate_961.jpg,1
foodplate_962,foodplate_962.jpg,1
foodplate_963,foodplate_963.jpg,1
foodplate_964,foodplate_964.jpg,1
foodplate_965,foodplate_965.jpg,1
foodplate_966,foodplate_966.jpg,1
foodplate_967,foodplate_967.jpg,1
foodplate_968,foodplate_968.jpg,1
foodplate_969,foodplate_969.jpg,1
foodplate_970,foodplate_970.jpg,1
foodplate_971,foodplate_971.jpg,1
foodplate_972,foodplate_972.jpg,1
foodplate_973,foodplate_973.jpg,1
foodplate_974,foodplate_974.jpg,1
foodplate_975,foodplate_975.jpg,1
foodplate_976,foodplate_976.jpg,1
foodplate_977,foodplate_977.jpg,1
foodplate_978,foodplate_978.jpg,1
foodplate_979,foodplate_979.jpg,1
foodplate_980,foodplate_980.jpg,1
foodplate_981,foodplate_981.jpg,1
foodplate_982,foodplate_982.jpg,1
foodplate_983,foodplate_983.jpg,1
foodplate_984,foodplate_984.jpg,1
foodplate_985,foodplate_985.jpg,1
foodplate_986,foodplate_986.jpg,1
foodplate_987,foodplate_987.jpg,1
foodplate_988,foodplate_988.jpg,1
foodplate_989,foodplate_989.jpg,1
foodplate_990,foodplate_990.jpg,1
foodplate_991,foodplate_991.jpg,1
foodplate_992,foodplate_992.jpg,1
foodplate_993,foodplate_993.jpg,1
foodplate_994,foodplate_994.jpg,1
foodplate_995,foodplate_995.jpg,1
foodplate_996,foodplate_996.jpg,1
foodplate_997,foodplate_997.jpg,1
foodplate_998,foodplate_998.jpg,1
foodplate_999,foodplate_999.jpg,1
foodplate_1000,foodplate_1000.jpg,1
emptyplate_1,emptyplate_1.jpg,0
emptyplate_2,emptyplate_2.jpg,0
emptyplate_3,emptyplate_3.jpg,0
emptyplate_4,emptyplate_4.jpg,0
emptyplate_5,emptyplate_5.jpg,0
emptyplate_6,emptyplate_6.jpg,0
emptyplate_7,emptyplate_7.jpg,0
emptyplate_8,emptyplate_8.jpg,0
emptyplate_9,emptyplate_9.jpg,0
emptyplate_10,emptyplate_10.jpg,0
emptyplate_11,emptyplate_11.jpg,0
emptyplate_12,emptyplate_12.jpg,0
emptyplate_13,emptyplate_13.jpg,0
emptyplate_14,emptyplate_14.jpg,0
emptyplate_15,emptyplate_15.jpg,0
emptyplate_16,emptyplate_16.jpg,0
emptyplate_17,emptyplate_17.jpg,0
emptyplate_18,emptyplate_18.jpg,0
emptyplate_19,emptyplate_19.jpg,0
emptyplate_20,emptyplate_20.jpg,0
emptyplate_21,emptyplate_21.jpg,0
emptyplate_22,emptyplate_22.jpg,0
emptyplate_23,emptyplate_23.jpg,0
emptyplate_24,emptyplate_24.jpg,0
emptyplate_25,emptyplate_25.jpg,0
emptyplate_26,emptyplate_26.jpg,0
emptyplate_27,emptyplate_27.jpg,0
emptyplate_28,emptyplate_28.jpg,0
emptyplate_29,emptyplate_29.jpg,0
emptyplate_30,emptyplate_30.jpg,0
emptyplate_31,emptyplate_31.jpg,0
emptyplate_32,emptyplate_32.jpg,0
emptyplate_33,emptyplate_33.jpg,0
emptyplate_34,emptyplate_34.jpg,0
emptyplate_35,emptyplate_35.jpg,0
emptyplate_36,emptyplate_36.jpg,0
emptyplate_37,emptyplate_37.jpg,0
emptyplate_38,emptyplate_38.jpg,0
emptyplate_39,emptyplate_39.jpg,0
emptyplate_40,emptyplate_40.jpg,0
emptyplate_41,emptyplate_41.jpg,0
emptyplate_42,emptyplate_42.jpg,0
emptyplate_43,emptyplate_43.jpg,0
emptyplate_44,emptyplate_44.jpg,0
emptyplate_45,emptyplate_45.jpg,0
emptyplate_46,emptyplate_46.jpg,0
emptyplate_47,emptyplate_47.jpg,0
emptyplate_48,emptyplate_48.jpg,0
emptyplate_49,emptyplate_49.jpg,0
emptyplate_50,emptyplate_50.jpg,0
emptyplate_51,emptyplate_51.jpg,0
emptyplate_52,emptyplate_52.jpg,0
emptyplate_53,emptyplate_53.jpg,0
emptyplate_54,emptyplate_54.jpg,0
emptyplate_55,emptyplate_55.jpg,0
emptyplate_56,emptyplate_56.jpg,0
emptyplate_57,emptyplate_57.jpg,0
emptyplate_58,emptyplate_58.jpg,0
emptyplate_59,emptyplate_59.jpg,0
emptyplate_60,emptyplate_60.jpg,0
emptyplate_61,emptyplate_61.jpg,0
emptyplate_62,emptyplate_62.jpg,0
emptyplate_63,emptyplate_63.jpg,0
emptyplate_64,emptyplate_64.jpg,0
emptyplate_65,emptyplate_65.jpg,0
emptyplate_66,emptyplate_66.jpg,0
emptyplate_67,emptyplate_67.jpg,0
emptyplate_68,emptyplate_68.jpg,0
emptyplate_69,emptyplate_69.jpg,0
emptyplate_70,emptyplate_70.jpg,0
emptyplate_71,emptyplate_71.jpg,0
emptyplate_72,emptyplate_72.jpg,0
emptyplate_73,emptyplate_73.jpg,0
emptyplate_74,emptyplate_74.jpg,0
emptyplate_75,emptyplate_75.jpg,0
emptyplate_76,emptyplate_76.jpg,0
emptyplate_77,emptyplate_77.jpg,0
emptyplate_78,emptyplate_78.jpg,0
emptyplate_79,emptyplate_79.jpg,0
emptyplate_80,emptyplate_80.jpg,0
emptyplate_81,emptyplate_81.jpg,0
emptyplate_82,emptyplate_82.jpg,0
emptyplate_83,emptyplate_83.jpg,0
emptyplate_84,emptyplate_84.jpg,0
emptyplate_85,emptyplate_85.jpg,0
emptyplate_86,emptyplate_86.jpg,0
emptyplate_87,emptyplate_87.jpg,0
emptyplate_88,emptyplate_88.jpg,0
emptyplate_89,emptyplate_89.jpg,0
emptyplate_90,emptyplate_90.jpg,0
emptyplate_91,emptyplate_91.jpg,0
emptyplate_92,emptyplate_92.jpg,0
emptyplate_93,emptyplate_93.jpg,0
emptyplate_94,emptyplate_94.jpg,0
emptyplate_95,emptyplate_95.jpg,0
emptyplate_96,emptyplate_96.jpg,0
emptyplate_97,emptyplate_97.jpg,0
emptyplate_98,emptyplate_98.jpg,0
emptyplate_99,emptyplate_99.jpg,0
emptyplate_100,emptyplate_100.jpg,0
emptyplate_101,emptyplate_101.jpg,0
emptyplate_102,emptyplate_102.jpg,0
emptyplate_103,emptyplate_103.jpg,0
emptyplate_104,emptyplate_104.jpg,0
emptyplate_105,emptyplate_105.jpg,0
emptyplate_106,emptyplate_106.jpg,0
emptyplate_107,emptyplate_107.jpg,0
emptyplate_108,emptyplate_108.jpg,0
emptyplate_109,emptyplate_109.jpg,0
emptyplate_110,emptyplate_110.jpg,0
emptyplate_111,emptyplate_111.jpg,0
emptyplate_112,emptyplate_112.jpg,0
emptyplate_113,emptyplate_113.jpg,0
emptyplate_114,emptyplate_114.jpg,0
emptyplate_115,emptyplate_115.jpg,0
emptyplate_116,emptyplate_116.jpg,0
emptyplate_117,emptyplate_117.jpg,0
emptyplate_118,emptyplate_118.jpg,0
emptyplate_119,emptyplate_119.jpg,0
emptyplate_120,emptyplate_120.jpg,0
emptyplate_121,emptyplate_121.jpg,0
emptyplate_122,emptyplate_122.jpg,0
emptyplate_123,emptyplate_123.jpg,0
emptyplate_124,emptyplate_124.jpg,0
emptyplate_125,emptyplate_125.jpg,0
emptyplate_126,emptyplate_126.jpg,0
emptyplate_127,emptyplate_127.jpg,0
emptyplate_128,emptyplate_128.jpg,0
emptyplate_129,emptyplate_129.jpg,0
emptyplate_130,emptyplate_130.jpg,0
emptyplate_131,emptyplate_131.jpg,0
emptyplate_132,emptyplate_132.jpg,0
emptyplate_133,emptyplate_133.jpg,0
emptyplate_134,emptyplate_134.jpg,0
emptyplate_135,emptyplate_135.jpg,0
emptyplate_136,emptyplate_136.jpg,0
emptyplate_137,emptyplate_137.jpg,0
emptyplate_138,emptyplate_138.jpg,0
emptyplate_139,emptyplate_139.jpg,0
emptyplate_140,emptyplate_140.jpg,0
emptyplate_141,emptyplate_141.jpg,0
emptyplate_142,emptyplate_142.jpg,0
emptyplate_143,emptyplate_143.jpg,0
emptyplate_144,emptyplate_144.jpg,0
emptyplate_145,emptyplate_145.jpg,0
emptyplate_146,emptyplate_146.jpg,0
emptyplate_147,emptyplate_147.jpg,0
emptyplate_148,emptyplate_148.jpg,0
emptyplate_149,emptyplate_149.jpg,0
emptyplate_150,emptyplate_150.jpg,0
emptyplate_151,emptyplate_151.jpg,0
emptyplate_152,emptyplate_152.jpg,0
emptyplate_153,emptyplate_153.jpg,0
emptyplate_154,emptyplate_154.jpg,0
emptyplate_155,emptyplate_155.jpg,0
emptyplate_156,emptyplate_156.jpg,0
emptyplate_157,emptyplate_157.jpg,0
emptyplate_158,emptyplate_158.jpg,0
emptyplate_159,emptyplate_159.jpg,0
emptyplate_160,emptyplate_160.jpg,0
emptyplate_161,emptyplate_161.jpg,0
emptyplate_162,emptyplate_162.jpg,0
emptyplate_163,emptyplate_163.jpg,0
emptyplate_164,emptyplate_164.jpg,0
emptyplate_165,emptyplate_165.jpg,0
emptyplate_166,emptyplate_166.jpg,0
emptyplate_167,emptyplate_167.jpg,0
emptyplate_168,emptyplate_168.jpg,0
emptyplate_169,emptyplate_169.jpg,0
emptyplate_170,emptyplate_170.jpg,0
emptyplate_171,emptyplate_171.jpg,0
emptyplate_172,emptyplate_172.jpg,0
emptyplate_173,emptyplate_173.jpg,0
emptyplate_174,emptyplate_174.jpg,0
emptyplate_175,emptyplate_175.jpg,0
emptyplate_176,emptyplate_176.jpg,0
emptyplate_177,emptyplate_177.jpg,0
emptyplate_178,emptyplate_178.jpg,0
emptyplate_179,emptyplate_179.jpg,0
emptyplate_180,emptyplate_180.jpg,0
emptyplate_181,emptyplate_181.jpg,0
emptyplate_182,emptyplate_182.jpg,0
emptyplate_183,emptyplate_183.jpg,0
emptyplate_184,emptyplate_184.jpg,0
emptyplate_185,emptyplate_185.jpg,0
emptyplate_186,emptyplate_186.jpg,0
emptyplate_187,emptyplate_187.jpg,0
emptyplate_188,emptyplate_188.jpg,0
emptyplate_189,emptyplate_189.jpg,0
emptyplate_190,emptyplate_190.jpg,0
emptyplate_191,emptyplate_191.jpg,0
emptyplate_192,emptyplate_192.jpg,0
emptyplate_193,emptyplate_193.jpg,0
emptyplate_194,emptyplate_194.jpg,0
emptyplate_195,emptyplate_195.jpg,0
emptyplate_196,emptyplate_196.jpg,0
emptyplate_197,emptyplate_197.jpg,0
emptyplate_198,emptyplate_198.jpg,0
emptyplate_199,emptyplate_199.jpg,0
emptyplate_200,emptyplate_200.jpg,0
emptyplate_201,emptyplate_201.jpg,0
emptyplate_202,emptyplate_202.jpg,0
emptyplate_203,emptyplate_203.jpg,0
emptyplate_204,emptyplate_204.jpg,0
emptyplate_205,emptyplate_205.jpg,0
emptyplate_206,emptyplate_206.jpg,0
emptyplate_207,emptyplate_207.jpg,0
emptyplate_208,emptyplate_208.jpg,0
emptyplate_209,emptyplate_209.jpg,0
emptyplate_210,emptyplate_210.jpg,0
emptyplate_211,emptyplate_211.jpg,0
emptyplate_212,emptyplate_212.jpg,0
emptyplate_213,emptyplate_213.jpg,0
emptyplate_214,emptyplate_214.jpg,0
emptyplate_215,emptyplate_215.jpg,0
emptyplate_216,emptyplate_216.jpg,0
emptyplate_217,emptyplate_217.jpg,0
emptyplate_218,emptyplate_218.jpg,0
emptyplate_219,emptyplate_219.jpg,0
emptyplate_220,emptyplate_220.jpg,0
emptyplate_221,emptyplate_221.jpg,0
emptyplate_222,emptyplate_222.jpg,0
emptyplate_223,emptyplate_223.jpg,0
emptyplate_224,emptyplate_224.jpg,0
emptyplate_225,emptyplate_225.jpg,0
emptyplate_226,emptyplate_226.jpg,0
emptyplate_227,emptyplate_227.jpg,0
emptyplate_228,emptyplate_228.jpg,0
emptyplate_229,emptyplate_229.jpg,0
emptyplate_230,emptyplate_230.jpg,0
emptyplate_231,emptyplate_231.jpg,0
emptyplate_232,emptyplate_232.jpg,0
emptyplate_233,emptyplate_233.jpg,0
emptyplate_234,emptyplate_234.jpg,0
emptyplate_235,emptyplate_235.jpg,0
emptyplate_236,emptyplate_236.jpg,0
emptyplate_237,emptyplate_237.jpg,0
emptyplate_238,emptyplate_238.jpg,0
emptyplate_239,emptyplate_239.jpg,0
emptyplate_240,emptyplate_240.jpg,0
emptyplate_241,emptyplate_241.jpg,0
emptyplate_242,emptyplate_242.jpg,0
emptyplate_243,emptyplate_243.jpg,0
emptyplate_244,emptyplate_244.jpg,0
emptyplate_245,emptyplate_245.jpg,0
emptyplate_246,emptyplate_246.jpg,0
emptyplate_247,emptyplate_247.jpg,0
emptyplate_248,emptyplate_248.jpg,0
emptyplate_249,emptyplate_249.jpg,0
emptyplate_250,emptyplate_250.jpg,0
emptyplate_251,emptyplate_251.jpg,0
emptyplate_252,emptyplate_252.jpg,0
emptyplate_253,emptyplate_253.jpg,0
emptyplate_254,emptyplate_254.jpg,0
emptyplate_255,emptyplate_255.jpg,0
emptyplate_256,emptyplate_256.jpg,0
emptyplate_257,emptyplate_257.jpg,0
emptyplate_258,emptyplate_258.jpg,0
emptyplate_259,emptyplate_259.jpg,0
emptyplate_260,emptyplate_260.jpg,0
emptyplate_261,emptyplate_261.jpg,0
emptyplate_262,emptyplate_262.jpg,0
emptyplate_263,emptyplate_263.jpg,0
emptyplate_264,emptyplate_264.jpg,0
emptyplate_265,emptyplate_265.jpg,0
emptyplate_266,emptyplate_266.jpg,0
emptyplate_267,emptyplate_267.jpg,0
emptyplate_268,emptyplate_268.jpg,0
emptyplate_269,emptyplate_269.jpg,0
emptyplate_270,emptyplate_270.jpg,0
emptyplate_271,emptyplate_271.jpg,0
emptyplate_272,emptyplate_272.jpg,0
emptyplate_273,emptyplate_273.jpg,0
emptyplate_274,emptyplate_274.jpg,0
emptyplate_275,emptyplate_275.jpg,0
emptyplate_276,emptyplate_276.jpg,0
emptyplate_277,emptyplate_277.jpg,0
emptyplate_278,emptyplate_278.jpg,0
emptyplate_279,emptyplate_279.jpg,0
emptyplate_280,emptyplate_280.jpg,0
emptyplate_281,emptyplate_281.jpg,0
emptyplate_282,emptyplate_282.jpg,0
emptyplate_283,emptyplate_283.jpg,0
emptyplate_284,emptyplate_284.jpg,0
emptyplate_285,emptyplate_285.jpg,0
emptyplate_286,emptyplate_286.jpg,0
emptyplate_287,emptyplate_287.jpg,0
emptyplate_288,emptyplate_288.jpg,0
emptyplate_289,emptyplate_289.jpg,0
emptyplate_290,emptyplate_290.jpg,0
emptyplate_291,emptyplate_291.jpg,0
emptyplate_292,emptyplate_292.jpg,0
emptyplate_293,emptyplate_293.jpg,0
emptyplate_294,emptyplate_294.jpg,0
emptyplate_295,emptyplate_295.jpg,0
emptyplate_296,emptyplate_296.jpg,0
emptyplate_297,emptyplate_297.jpg,0
emptyplate_298,emptyplate_298.jpg,0
emptyplate_299,emptyplate_299.jpg,0
emptyplate_300,emptyplate_300.jpg,0
emptyplate_301,emptyplate_301.jpg,0
emptyplate_302,emptyplate_302.jpg,0
emptyplate_303,emptyplate_303.jpg,0
emptyplate_304,emptyplate_304.jpg,0
emptyplate_305,emptyplate_305.jpg,0
emptyplate_306,emptyplate_306.jpg,0
emptyplate_307,emptyplate_307.jpg,0
emptyplate_308,emptyplate_308.jpg,0
emptyplate_309,emptyplate_309.jpg,0
emptyplate_310,emptyplate_310.jpg,0
emptyplate_311,emptyplate_311.jpg,0
emptyplate_312,emptyplate_312.jpg,0
emptyplate_313,emptyplate_313.jpg,0
emptyplate_314,emptyplate_314.jpg,0
emptyplate_315,emptyplate_315.jpg,0
emptyplate_316,emptyplate_316.jpg,0
emptyplate_317,emptyplate_317.jpg,0
emptyplate_318,emptyplate_318.jpg,0
emptyplate_319,emptyplate_319.jpg,0
emptyplate_320,emptyplate_320.jpg,0
emptyplate_321,emptyplate_321.jpg,0
emptyplate_322,emptyplate_322.jpg,0
emptyplate_323,emptyplate_323.jpg,0
emptyplate_324,emptyplate_324.jpg,0
emptyplate_325,emptyplate_325.jpg,0
emptyplate_326,emptyplate_326.jpg,0
emptyplate_327,emptyplate_327.jpg,0
emptyplate_328,emptyplate_328.jpg,0
emptyplate_329,emptyplate_329.jpg,0
emptyplate_330,emptyplate_330.jpg,0
emptyplate_331,emptyplate_331.jpg,0
emptyplate_332,emptyplate_332.jpg,0
emptyplate_333,emptyplate_333.jpg,0
emptyplate_334,emptyplate_334.jpg,0
emptyplate_335,emptyplate_335.jpg,0
emptyplate_336,emptyplate_336.jpg,0
emptyplate_337,emptyplate_337.jpg,0
emptyplate_338,emptyplate_338.jpg,0
emptyplate_339,emptyplate_339.jpg,0
emptyplate_340,emptyplate_340.jpg,0
emptyplate_341,emptyplate_341.jpg,0
emptyplate_342,emptyplate_342.jpg,0
emptyplate_343,emptyplate_343.jpg,0
emptyplate_344,emptyplate_344.jpg,0
emptyplate_345,emptyplate_345.jpg,0
emptyplate_346,emptyplate_346.jpg,0
emptyplate_347,emptyplate_347.jpg,0
emptyplate_348,emptyplate_348.jpg,0
emptyplate_349,emptyplate_349.jpg,0
emptyplate_350,emptyplate_350.jpg,0
emptyplate_351,emptyplate_351.jpg,0
emptyplate_352,emptyplate_352.jpg,0
emptyplate_353,emptyplate_353.jpg,0
emptyplate_354,emptyplate_354.jpg,0
emptyplate_355,emptyplate_355.jpg,0
emptyplate_356,emptyplate_356.jpg,0
emptyplate_357,emptyplate_357.jpg,0
emptyplate_358,emptyplate_358.jpg,0
emptyplate_359,emptyplate_359.jpg,0
emptyplate_360,emptyplate_360.jpg,0
emptyplate_361,emptyplate_361.jpg,0
emptyplate_362,emptyplate_362.jpg,0
emptyplate_363,emptyplate_363.jpg,0
emptyplate_364,emptyplate_364.jpg,0
emptyplate_365,emptyplate_365.jpg,0
emptyplate_366,emptyplate_366.jpg,0
emptyplate_367,emptyplate_367.jpg,0
emptyplate_368,emptyplate_368.jpg,0
emptyplate_369,emptyplate_369.jpg,0
emptyplate_370,emptyplate_370.jpg,0
emptyplate_371,emptyplate_371.jpg,0
emptyplate_372,emptyplate_372.jpg,0
emptyplate_373,emptyplate_373.jpg,0
emptyplate_374,emptyplate_374.jpg,0
emptyplate_375,emptyplate_375.jpg,0
emptyplate_376,emptyplate_376.jpg,0
emptyplate_377,emptyplate_377.jpg,0
emptyplate_378,emptyplate_378.jpg,0
emptyplate_379,emptyplate_379.jpg,0
emptyplate_380,emptyplate_380.jpg,0
emptyplate_381,emptyplate_381.jpg,0
emptyplate_382,emptyplate_382.jpg,0
emptyplate_383,emptyplate_383.jpg,0
emptyplate_384,emptyplate_384.jpg,0
emptyplate_385,emptyplate_385.jpg,0
emptyplate_386,emptyplate_386.jpg,0
emptyplate_387,emptyplate_387.jpg,0
emptyplate_388,emptyplate_388.jpg,0
emptyplate_389,emptyplate_389.jpg,0
emptyplate_390,emptyplate_390.jpg,0
emptyplate_391,emptyplate_391.jpg,0
emptyplate_392,emptyplate_392.jpg,0
emptyplate_393,emptyplate_393.jpg,0
emptyplate_394,emptyplate_394.jpg,0
emptyplate_395,emptyplate_395.jpg,0
emptyplate_396,emptyplate_396.jpg,0
emptyplate_397,emptyplate_397.jpg,0
emptyplate_398,emptyplate_398.jpg,0
emptyplate_399,emptyplate_399.jpg,0
emptyplate_400,emptyplate_400.jpg,0
emptyplate_401,emptyplate_401.jpg,0
emptyplate_402,emptyplate_402.jpg,0
emptyplate_403,emptyplate_403.jpg,0
emptyplate_404,emptyplate_404.jpg,0
emptyplate_405,emptyplate_405.jpg,0
emptyplate_406,emptyplate_406.jpg,0
emptyplate_407,emptyplate_407.jpg,0
emptyplate_408,emptyplate_408.jpg,0
emptyplate_409,emptyplate_409.jpg,0
emptyplate_410,emptyplate_410.jpg,0
emptyplate_411,emptyplate_411.jpg,0
emptyplate_412,emptyplate_412.jpg,0
emptyplate_413,emptyplate_413.jpg,0
emptyplate_414,emptyplate_414.jpg,0
emptyplate_415,emptyplate_415.jpg,0
emptyplate_416,emptyplate_416.jpg,0
emptyplate_417,emptyplate_417.jpg,0
emptyplate_418,emptyplate_418.jpg,0
emptyplate_419,emptyplate_419.jpg,0
emptyplate_420,emptyplate_420.jpg,0
emptyplate_421,emptyplate_421.jpg,0
emptyplate_422,emptyplate_422.jpg,0
emptyplate_423,emptyplate_423.jpg,0
emptyplate_424,emptyplate_424.jpg,0
emptyplate_425,emptyplate_425.jpg,0
emptyplate_426,emptyplate_426.jpg,0
emptyplate_427,emptyplate_427.jpg,0
emptyplate_428,emptyplate_428.jpg,0
emptyplate_429,emptyplate_429.jpg,0
emptyplate_430,emptyplate_430.jpg,0
emptyplate_431,emptyplate_431.jpg,0
emptyplate_432,emptyplate_432.jpg,0
emptyplate_433,emptyplate_433.jpg,0
emptyplate_434,emptyplate_434.jpg,0
emptyplate_435,emptyplate_435.jpg,0
emptyplate_436,emptyplate_436.jpg,0
emptyplate_437,emptyplate_437.jpg,0
emptyplate_438,emptyplate_438.jpg,0
emptyplate_439,emptyplate_439.jpg,0
emptyplate_440,emptyplate_440.jpg,0
emptyplate_441,emptyplate_441.jpg,0
emptyplate_442,emptyplate_442.jpg,0
emptyplate_443,emptyplate_443.jpg,0
emptyplate_444,emptyplate_444.jpg,0
emptyplate_445,emptyplate_445.jpg,0
emptyplate_446,emptyplate_446.jpg,0
emptyplate_447,emptyplate_447.jpg,0
emptyplate_448,emptyplate_448.jpg,0
emptyplate_449,emptyplate_449.jpg,0
emptyplate_450,emptyplate_450.jpg,0
emptyplate_451,emptyplate_451.jpg,0
emptyplate_452,emptyplate_452.jpg,0
emptyplate_453,emptyplate_453.jpg,0
emptyplate_454,emptyplate_454.jpg,0
emptyplate_455,emptyplate_455.jpg,0
emptyplate_456,emptyplate_456.jpg,0
emptyplate_457,emptyplate_457.jpg,0
emptyplate_458,emptyplate_458.jpg,0
emptyplate_459,emptyplate_459.jpg,0
emptyplate_460,emptyplate_460.jpg,0
emptyplate_461,emptyplate_461.jpg,0
emptyplate_462,emptyplate_462.jpg,0
emptyplate_463,emptyplate_463.jpg,0
emptyplate_464,emptyplate_464.jpg,0
emptyplate_465,emptyplate_465.jpg,0
emptyplate_466,emptyplate_466.jpg,0
emptyplate_467,emptyplate_467.jpg,0
emptyplate_468,emptyplate_468.jpg,0
emptyplate_469,emptyplate_469.jpg,0
emptyplate_470,emptyplate_470.jpg,0
emptyplate_471,emptyplate_471.jpg,0
emptyplate_472,emptyplate_472.jpg,0
emptyplate_473,emptyplate_473.jpg,0
emptyplate_474,emptyplate_474.jpg,0
emptyplate_475,emptyplate_475.jpg,0
emptyplate_476,emptyplate_476.jpg,0
emptyplate_477,emptyplate_477.jpg,0
emptyplate_478,emptyplate_478.jpg,0
emptyplate_479,emptyplate_479.jpg,0
emptyplate_480,emptyplate_480.jpg,0
emptyplate_481,emptyplate_481.jpg,0
emptyplate_482,emptyplate_482.jpg,0
emptyplate_483,emptyplate_483.jpg,0
emptyplate_484,emptyplate_484.jpg,0
emptyplate_485,emptyplate_485.jpg,0
emptyplate_486,emptyplate_486.jpg,0
emptyplate_487,emptyplate_487.jpg,0
emptyplate_488,emptyplate_488.jpg,0
emptyplate_489,emptyplate_489.jpg,0
emptyplate_490,emptyplate_490.jpg,0
emptyplate_491,emptyplate_491.jpg,0
emptyplate_492,emptyplate_492.jpg,0
emptyplate_493,emptyplate_493.jpg,0
emptyplate_494,emptyplate_494.jpg,0
emptyplate_495,emptyplate_495.jpg,0
emptyplate_496,emptyplate_496.jpg,0
emptyplate_497,emptyplate_497.jpg,0
emptyplate_498,emptyplate_498.jpg,0
emptyplate_499,emptyplate_499.jpg,0
emptyplate_500,emptyplate_500.jpg,0
emptyplate_501,emptyplate_501.jpg,0
emptyplate_502,emptyplate_502.jpg,0
emptyplate_503,emptyplate_503.jpg,0
emptyplate_504,emptyplate_504.jpg,0
emptyplate_505,emptyplate_505.jpg,0
emptyplate_506,emptyplate_506.jpg,0
emptyplate_507,emptyplate_507.jpg,0
emptyplate_508,emptyplate_508.jpg,0
emptyplate_509,emptyplate_509.jpg,0
emptyplate_510,emptyplate_510.jpg,0
emptyplate_511,emptyplate_511.jpg,0
emptyplate_512,emptyplate_512.jpg,0
emptyplate_513,emptyplate_513.jpg,0
emptyplate_514,emptyplate_514.jpg,0
emptyplate_515,emptyplate_515.jpg,0
emptyplate_516,emptyplate_516.jpg,0
emptyplate_517,emptyplate_517.jpg,0
emptyplate_518,emptyplate_518.jpg,0
emptyplate_519,emptyplate_519.jpg,0
emptyplate_520,emptyplate_520.jpg,0
emptyplate_521,emptyplate_521.jpg,0
emptyplate_522,emptyplate_522.jpg,0
emptyplate_523,emptyplate_523.jpg,0
emptyplate_524,emptyplate_524.jpg,0
emptyplate_525,emptyplate_525.jpg,0
emptyplate_526,emptyplate_526.jpg,0
emptyplate_527,emptyplate_527.jpg,0
emptyplate_528,emptyplate_528.jpg,0
emptyplate_529,emptyplate_529.jpg,0
emptyplate_530,emptyplate_530.jpg,0
emptyplate_531,emptyplate_531.jpg,0
emptyplate_532,emptyplate_532.jpg,0
emptyplate_533,emptyplate_533.jpg,0
emptyplate_534,emptyplate_534.jpg,0
emptyplate_535,emptyplate_535.jpg,0
emptyplate_536,emptyplate_536.jpg,0
emptyplate_537,emptyplate_537.jpg,0
emptyplate_538,emptyplate_538.jpg,0
emptyplate_539,emptyplate_539.jpg,0
emptyplate_540,emptyplate_540.jpg,0
emptyplate_541,emptyplate_541.jpg,0
emptyplate_542,emptyplate_542.jpg,0
emptyplate_543,emptyplate_543.jpg,0
emptyplate_544,emptyplate_544.jpg,0
emptyplate_545,emptyplate_545.jpg,0
emptyplate_546,emptyplate_546.jpg,0
emptyplate_547,emptyplate_547.jpg,0
emptyplate_548,emptyplate_548.jpg,0
emptyplate_549,emptyplate_549.jpg,0
emptyplate_550,emptyplate_550.jpg,0
emptyplate_551,emptyplate_551.jpg,0
emptyplate_552,emptyplate_552.jpg,0
emptyplate_553,emptyplate_553.jpg,0
emptyplate_554,emptyplate_554.jpg,0
emptyplate_555,emptyplate_555.jpg,0
emptyplate_556,emptyplate_556.jpg,0
emptyplate_557,emptyplate_557.jpg,0
emptyplate_558,emptyplate_558.jpg,0
emptyplate_559,emptyplate_559.jpg,0
emptyplate_560,emptyplate_560.jpg,0
emptyplate_561,emptyplate_561.jpg,0
emptyplate_562,emptyplate_562.jpg,0
emptyplate_563,emptyplate_563.jpg,0
emptyplate_564,emptyplate_564.jpg,0
emptyplate_565,emptyplate_565.jpg,0
emptyplate_566,emptyplate_566.jpg,0
emptyplate_567,emptyplate_567.jpg,0
emptyplate_568,emptyplate_568.jpg,0
emptyplate_569,emptyplate_569.jpg,0
emptyplate_570,emptyplate_570.jpg,0
emptyplate_571,emptyplate_571.jpg,0
emptyplate_572,emptyplate_572.jpg,0
emptyplate_573,emptyplate_573.jpg,0
emptyplate_574,emptyplate_574.jpg,0
emptyplate_575,emptyplate_575.jpg,0
emptyplate_576,emptyplate_576.jpg,0
emptyplate_577,emptyplate_577.jpg,0
emptyplate_578,emptyplate_578.jpg,0
emptyplate_579,emptyplate_579.jpg,0
emptyplate_580,emptyplate_580.jpg,0
emptyplate_581,emptyplate_581.jpg,0
emptyplate_582,emptyplate_582.jpg,0
emptyplate_583,emptyplate_583.jpg,0
emptyplate_584,emptyplate_584.jpg,0
emptyplate_585,emptyplate_585.jpg,0
emptyplate_586,emptyplate_586.jpg,0
emptyplate_587,emptyplate_587.jpg,0
emptyplate_588,emptyplate_588.jpg,0
emptyplate_589,emptyplate_589.jpg,0
emptyplate_590,emptyplate_590.jpg,0
emptyplate_591,emptyplate_591.jpg,0
emptyplate_592,emptyplate_592.jpg,0
emptyplate_593,emptyplate_593.jpg,0
emptyplate_594,emptyplate_594.jpg,0
emptyplate_595,emptyplate_595.jpg,0
emptyplate_596,emptyplate_596.jpg,0
emptyplate_597,emptyplate_597.jpg,0
emptyplate_598,emptyplate_598.jpg,0
emptyplate_599,emptyplate_599.jpg,0
emptyplate_600,emptyplate_600.jpg,0
emptyplate_601,emptyplate_601.jpg,0
emptyplate_602,emptyplate_602.jpg,0
emptyplate_603,emptyplate_603.jpg,0
emptyplate_604,emptyplate_604.jpg,0
emptyplate_605,emptyplate_605.jpg,0
emptyplate_606,emptyplate_606.jpg,0
emptyplate_607,emptyplate_607.jpg,0
emptyplate_608,emptyplate_608.jpg,0
emptyplate_609,emptyplate_609.jpg,0
emptyplate_610,emptyplate_610.jpg,0
emptyplate_611,emptyplate_611.jpg,0
emptyplate_612,emptyplate_612.jpg,0
emptyplate_613,emptyplate_613.jpg,0
emptyplate_614,emptyplate_614.jpg,0
emptyplate_615,emptyplate_615.jpg,0
emptyplate_616,emptyplate_616.jpg,0
emptyplate_617,emptyplate_617.jpg,0
emptyplate_618,emptyplate_618.jpg,0
emptyplate_619,emptyplate_619.jpg,0
emptyplate_620,emptyplate_620.jpg,0
emptyplate_621,emptyplate_621.jpg,0
emptyplate_622,emptyplate_622.jpg,0
emptyplate_623,emptyplate_623.jpg,0
emptyplate_624,emptyplate_624.jpg,0
emptyplate_625,emptyplate_625.jpg,0
emptyplate_626,emptyplate_626.jpg,0
emptyplate_627,emptyplate_627.jpg,0
emptyplate_628,emptyplate_628.jpg,0
emptyplate_629,emptyplate_629.jpg,0
emptyplate_630,emptyplate_630.jpg,0
emptyplate_631,emptyplate_631.jpg,0
emptyplate_632,emptyplate_632.jpg,0
emptyplate_633,emptyplate_633.jpg,0
emptyplate_634,emptyplate_634.jpg,0
emptyplate_635,emptyplate_635.jpg,0
emptyplate_636,emptyplate_636.jpg,0
emptyplate_637,emptyplate_637.jpg,0
emptyplate_638,emptyplate_638.jpg,0
emptyplate_639,emptyplate_639.jpg,0
emptyplate_640,emptyplate_640.jpg,0
emptyplate_641,emptyplate_641.jpg,0
emptyplate_642,emptyplate_642.jpg,0
emptyplate_643,emptyplate_643.jpg,0
emptyplate_644,emptyplate_644.jpg,0
emptyplate_645,emptyplate_645.jpg,0
emptyplate_646,emptyplate_646.jpg,0
emptyplate_647,emptyplate_647.jpg,0
emptyplate_648,emptyplate_648.jpg,0
emptyplate_649,emptyplate_649.jpg,0
emptyplate_650,emptyplate_650.jpg,0
emptyplate_651,emptyplate_651.jpg,0
emptyplate_652,emptyplate_652.jpg,0
emptyplate_653,emptyplate_653.jpg,0
emptyplate_654,emptyplate_654.jpg,0
emptyplate_655,emptyplate_655.jpg,0
emptyplate_656,emptyplate_656.jpg,0
emptyplate_657,emptyplate_657.jpg,0
emptyplate_658,emptyplate_658.jpg,0
emptyplate_659,emptyplate_659.jpg,0
emptyplate_660,emptyplate_660.jpg,0
emptyplate_661,emptyplate_661.jpg,0
emptyplate_662,emptyplate_662.jpg,0
emptyplate_663,emptyplate_663.jpg,0
emptyplate_664,emptyplate_664.jpg,0
emptyplate_665,emptyplate_665.jpg,0
emptyplate_666,emptyplate_666.jpg,0
emptyplate_667,emptyplate_667.jpg,0
emptyplate_668,emptyplate_668.jpg,0
emptyplate_669,emptyplate_669.jpg,0
emptyplate_670,emptyplate_670.jpg,0
emptyplate_671,emptyplate_671.jpg,0
emptyplate_672,emptyplate_672.jpg,0
emptyplate_673,emptyplate_673.jpg,0
emptyplate_674,emptyplate_674.jpg,0
emptyplate_675,emptyplate_675.jpg,0
emptyplate_676,emptyplate_676.jpg,0
emptyplate_677,emptyplate_677.jpg,0
emptyplate_678,emptyplate_678.jpg,0
emptyplate_679,emptyplate_679.jpg,0
emptyplate_680,emptyplate_680.jpg,0
emptyplate_681,emptyplate_681.jpg,0
emptyplate_682,emptyplate_682.jpg,0
emptyplate_683,emptyplate_683.jpg,0
emptyplate_684,emptyplate_684.jpg,0
emptyplate_685,emptyplate_685.jpg,0
emptyplate_686,emptyplate_686.jpg,0
emptyplate_687,emptyplate_687.jpg,0
emptyplate_688,emptyplate_688.jpg,0
emptyplate_689,emptyplate_689.jpg,0
emptyplate_690,emptyplate_690.jpg,0
emptyplate_691,emptyplate_691.jpg,0
emptyplate_692,emptyplate_692.jpg,0
emptyplate_693,emptyplate_693.jpg,0
emptyplate_694,emptyplate_694.jpg,0
emptyplate_695,emptyplate_695.jpg,0
emptyplate_696,emptyplate_696.jpg,0
emptyplate_697,emptyplate_697.jpg,0
emptyplate_698,emptyplate_698.jpg,0
emptyplate_699,emptyplate_699.jpg,0
emptyplate_700,emptyplate_700.jpg,0
emptyplate_701,emptyplate_701.jpg,0
emptyplate_702,emptyplate_702.jpg,0
emptyplate_703,emptyplate_703.jpg,0
emptyplate_704,emptyplate_704.jpg,0
emptyplate_705,emptyplate_705.jpg,0
emptyplate_706,emptyplate_706.jpg,0
emptyplate_707,emptyplate_707.jpg,0
emptyplate_708,emptyplate_708.jpg,0
emptyplate_709,emptyplate_709.jpg,0
emptyplate_710,emptyplate_710.jpg,0
emptyplate_711,emptyplate_711.jpg,0
emptyplate_712,emptyplate_712.jpg,0
emptyplate_713,emptyplate_713.jpg,0
emptyplate_714,emptyplate_714.jpg,0
emptyplate_715,emptyplate_715.jpg,0
emptyplate_716,emptyplate_716.jpg,0
emptyplate_717,emptyplate_717.jpg,0
emptyplate_718,emptyplate_718.jpg,0
emptyplate_719,emptyplate_719.jpg,0
emptyplate_720,emptyplate_720.jpg,0
emptyplate_721,emptyplate_721.jpg,0
emptyplate_722,emptyplate_722.jpg,0
emptyplate_723,emptyplate_723.jpg,0
emptyplate_724,emptyplate_724.jpg,0
emptyplate_725,emptyplate_725.jpg,0
emptyplate_726,emptyplate_726.jpg,0
emptyplate_727,emptyplate_727.jpg,0
emptyplate_728,emptyplate_728.jpg,0
emptyplate_729,emptyplate_729.jpg,0
emptyplate_730,emptyplate_730.jpg,0
emptyplate_731,emptyplate_731.jpg,0
emptyplate_732,emptyplate_732.jpg,0
emptyplate_733,emptyplate_733.jpg,0
emptyplate_734,emptyplate_734.jpg,0
emptyplate_735,emptyplate_735.jpg,0
emptyplate_736,emptyplate_736.jpg,0
emptyplate_737,emptyplate_737.jpg,0
emptyplate_738,emptyplate_738.jpg,0
emptyplate_739,emptyplate_739.jpg,0
emptyplate_740,emptyplate_740.jpg,0
emptyplate_741,emptyplate_741.jpg,0
emptyplate_742,emptyplate_742.jpg,0
emptyplate_743,emptyplate_743.jpg,0
emptyplate_744,emptyplate_744.jpg,0
emptyplate_745,emptyplate_745.jpg,0
emptyplate_746,emptyplate_746.jpg,0
emptyplate_747,emptyplate_747.jpg,0
emptyplate_748,emptyplate_748.jpg,0
emptyplate_749,emptyplate_749.jpg,0
emptyplate_750,emptyplate_750.jpg,0
emptyplate_751,emptyplate_751.jpg,0
emptyplate_752,emptyplate_752.jpg,0
emptyplate_753,emptyplate_753.jpg,0
emptyplate_754,emptyplate_754.jpg,0
emptyplate_755,emptyplate_755.jpg,0
emptyplate_756,emptyplate_756.jpg,0
emptyplate_757,emptyplate_757.jpg,0
emptyplate_758,emptyplate_758.jpg,0
emptyplate_759,emptyplate_759.jpg,0
emptyplate_760,emptyplate_760.jpg,0
emptyplate_761,emptyplate_761.jpg,0
emptyplate_762,emptyplate_762.jpg,0
emptyplate_763,emptyplate_763.jpg,0
emptyplate_764,emptyplate_764.jpg,0
emptyplate_765,emptyplate_765.jpg,0
emptyplate_766,emptyplate_766.jpg,0
emptyplate_767,emptyplate_767.jpg,0
emptyplate_768,emptyplate_768.jpg,0
emptyplate_769,emptyplate_769.jpg,0
emptyplate_770,emptyplate_770.jpg,0
emptyplate_771,emptyplate_771.jpg,0
emptyplate_772,emptyplate_772.jpg,0
emptyplate_773,emptyplate_773.jpg,0
emptyplate_774,emptyplate_774.jpg,0
emptyplate_775,emptyplate_775.jpg,0
emptyplate_776,emptyplate_776.jpg,0
emptyplate_777,emptyplate_777.jpg,0
emptyplate_778,emptyplate_778.jpg,0
emptyplate_779,emptyplate_779.jpg,0
emptyplate_780,emptyplate_780.jpg,0
emptyplate_781,emptyplate_781.jpg,0
emptyplate_782,emptyplate_782.jpg,0
emptyplate_783,emptyplate_783.jpg,0
emptyplate_784,emptyplate_784.jpg,0
emptyplate_785,emptyplate_785.jpg,0
emptyplate_786,emptyplate_786.jpg,0
emptyplate_787,emptyplate_787.jpg,0
emptyplate_788,emptyplate_788.jpg,0
emptyplate_789,emptyplate_789.jpg,0
emptyplate_790,emptyplate_790.jpg,0
emptyplate_791,emptyplate_791.jpg,0
emptyplate_792,emptyplate_792.jpg,0
emptyplate_793,emptyplate_793.jpg,0
emptyplate_794,emptyplate_794.jpg,0
emptyplate_795,emptyplate_795.jpg,0
emptyplate_796,emptyplate_796.jpg,0
emptyplate_797,emptyplate_797.jpg,0
emptyplate_798,emptyplate_798.jpg,0
emptyplate_799,emptyplate_799.jpg,0
emptyplate_800,emptyplate_800.jpg,0
emptyplate_801,emptyplate_801.jpg,0
emptyplate_802,emptyplate_802.jpg,0
emptyplate_803,emptyplate_803.jpg,0
emptyplate_804,emptyplate_804.jpg,0
emptyplate_805,emptyplate_805.jpg,0
emptyplate_806,emptyplate_806.jpg,0
emptyplate_807,emptyplate_807.jpg,0
emptyplate_808,emptyplate_808.jpg,0
emptyplate_809,emptyplate_809.jpg,0
emptyplate_810,emptyplate_810.jpg,0
emptyplate_811,emptyplate_811.jpg,0
emptyplate_812,emptyplate_812.jpg,0
emptyplate_813,emptyplate_813.jpg,0
emptyplate_814,emptyplate_814.jpg,0
emptyplate_815,emptyplate_815.jpg,0
emptyplate_816,emptyplate_816.jpg,0
emptyplate_817,emptyplate_817.jpg,0
emptyplate_818,emptyplate_818.jpg,0
emptyplate_819,emptyplate_819.jpg,0
emptyplate_820,emptyplate_820.jpg,0
emptyplate_821,emptyplate_821.jpg,0
emptyplate_822,emptyplate_822.jpg,0
emptyplate_823,emptyplate_823.jpg,0
emptyplate_824,emptyplate_824.jpg,0
emptyplate_825,emptyplate_825.jpg,0
emptyplate_826,emptyplate_826.jpg,0
emptyplate_827,emptyplate_827.jpg,0
emptyplate_828,emptyplate_828.jpg,0
emptyplate_829,emptyplate_829.jpg,0
emptyplate_830,emptyplate_830.jpg,0
emptyplate_831,emptyplate_831.jpg,0
emptyplate_832,emptyplate_832.jpg,0
emptyplate_833,emptyplate_833.jpg,0
emptyplate_834,emptyplate_834.jpg,0
emptyplate_835,emptyplate_835.jpg,0
emptyplate_836,emptyplate_836.jpg,0
emptyplate_837,emptyplate_837.jpg,0
emptyplate_838,emptyplate_838.jpg,0
emptyplate_839,emptyplate_839.jpg,0
emptyplate_840,emptyplate_840.jpg,0
emptyplate_841,emptyplate_841.jpg,0
emptyplate_842,emptyplate_842.jpg,0
emptyplate_843,emptyplate_843.jpg,0
emptyplate_844,emptyplate_844.jpg,0
emptyplate_845,emptyplate_845.jpg,0
emptyplate_846,emptyplate_846.jpg,0
emptyplate_847,emptyplate_847.jpg,0
emptyplate_848,emptyplate_848.jpg,0
emptyplate_849,emptyplate_849.jpg,0
emptyplate_850,emptyplate_850.jpg,0
emptyplate_851,emptyplate_851.jpg,0
emptyplate_852,emptyplate_852.jpg,0
emptyplate_853,emptyplate_853.jpg,0
emptyplate_854,emptyplate_854.jpg,0
emptyplate_855,emptyplate_855.jpg,0
emptyplate_856,emptyplate_856.jpg,0
emptyplate_857,emptyplate_857.jpg,0
emptyplate_858,emptyplate_858.jpg,0
emptyplate_859,emptyplate_859.jpg,0
emptyplate_860,emptyplate_860.jpg,0
emptyplate_861,emptyplate_861.jpg,0
emptyplate_862,emptyplate_862.jpg,0
emptyplate_863,emptyplate_863.jpg,0
emptyplate_864,emptyplate_864.jpg,0
emptyplate_865,emptyplate_865.jpg,0
emptyplate_866,emptyplate_866.jpg,0
emptyplate_867,emptyplate_867.jpg,0
emptyplate_868,emptyplate_868.jpg,0
emptyplate_869,emptyplate_869.jpg,0
emptyplate_870,emptyplate_870.jpg,0
emptyplate_871,emptyplate_871.jpg,0
emptyplate_872,emptyplate_872.jpg,0
emptyplate_873,emptyplate_873.jpg,0
emptyplate_874,emptyplate_874.jpg,0
emptyplate_875,emptyplate_875.jpg,0
emptyplate_876,emptyplate_876.jpg,0
emptyplate_877,emptyplate_877.jpg,0
emptyplate_878,emptyplate_878.jpg,0
emptyplate_879,emptyplate_879.jpg,0
emptyplate_880,emptyplate_880.jpg,0
emptyplate_881,emptyplate_881.jpg,0
emptyplate_882,emptyplate_882.jpg,0
emptyplate_883,emptyplate_883.jpg,0
emptyplate_884,emptyplate_884.jpg,0
emptyplate_885,emptyplate_885.jpg,0
emptyplate_886,emptyplate_886.jpg,0
emptyplate_887,emptyplate_887.jpg,0
emptyplate_888,emptyplate_888.jpg,0
emptyplate_889,emptyplate_889.jpg,0
emptyplate_890,emptyplate_890.jpg,0
emptyplate_891,emptyplate_891.jpg,0
emptyplate_892,emptyplate_892.jpg,0
emptyplate_893,emptyplate_893.jpg,0
emptyplate_894,emptyplate_894.jpg,0
emptyplate_895,emptyplate_895.jpg,0
emptyplate_896,emptyplate_896.jpg,0
emptyplate_897,emptyplate_897.jpg,0
emptyplate_898,emptyplate_898.jpg,0
emptyplate_899,emptyplate_899.jpg,0
emptyplate_900,emptyplate_900.jpg,0
emptyplate_901,emptyplate_901.jpg,0
emptyplate_902,emptyplate_902.jpg,0
emptyplate_903,emptyplate_903.jpg,0
emptyplate_904,emptyplate_904.jpg,0
emptyplate_905,emptyplate_905.jpg,0
emptyplate_906,emptyplate_906.jpg,0
emptyplate_907,emptyplate_907.jpg,0
emptyplate_908,emptyplate_908.jpg,0
emptyplate_909,emptyplate_909.jpg,0
emptyplate_910,emptyplate_910.jpg,0
emptyplate_911,emptyplate_911.jpg,0
emptyplate_912,emptyplate_912.jpg,0
emptyplate_913,emptyplate_913.jpg,0
emptyplate_914,emptyplate_914.jpg,0
emptyplate_915,emptyplate_915.jpg,0
emptyplate_916,emptyplate_916.jpg,0
emptyplate_917,emptyplate_917.jpg,0
emptyplate_918,emptyplate_918.jpg,0
emptyplate_919,emptyplate_919.jpg,0
emptyplate_920,emptyplate_920.jpg,0
emptyplate_921,emptyplate_921.jpg,0
emptyplate_922,emptyplate_922.jpg,0
emptyplate_923,emptyplate_923.jpg,0
emptyplate_924,emptyplate_924.jpg,0
emptyplate_925,emptyplate_925.jpg,0
emptyplate_926,emptyplate_926.jpg,0
emptyplate_927,emptyplate_927.jpg,0
emptyplate_928,emptyplate_928.jpg,0
emptyplate_929,emptyplate_929.jpg,0
emptyplate_930,emptyplate_930.jpg,0
emptyplate_931,emptyplate_931.jpg,0
emptyplate_932,emptyplate_932.jpg,0
emptyplate_933,emptyplate_933.jpg,0
emptyplate_934,emptyplate_934.jpg,0
emptyplate_935,emptyplate_935.jpg,0
emptyplate_936,emptyplate_936.jpg,0
emptyplate_937,emptyplate_937.jpg,0
emptyplate_938,emptyplate_938.jpg,0
emptyplate_939,emptyplate_939.jpg,0
emptyplate_940,emptyplate_940.jpg,0
emptyplate_941,emptyplate_941.jpg,0
emptyplate_942,emptyplate_942.jpg,0
emptyplate_943,emptyplate_943.jpg,0
emptyplate_944,emptyplate_944.jpg,0
emptyplate_945,emptyplate_945.jpg,0
emptyplate_946,emptyplate_946.jpg,0
emptyplate_947,emptyplate_947.jpg,0
emptyplate_948,emptyplate_948.jpg,0
emptyplate_949,emptyplate_949.jpg,0
emptyplate_950,emptyplate_950.jpg,0
emptyplate_951,emptyplate_951.jpg,0
emptyplate_952,emptyplate_952.jpg,0
emptyplate_953,emptyplate_953.jpg,0
emptyplate_954,emptyplate_954.jpg,0
emptyplate_955,emptyplate_955.jpg,0
emptyplate_956,emptyplate_956.jpg,0
emptyplate_957,emptyplate_957.jpg,0
emptyplate_958,emptyplate_958.jpg,0
emptyplate_959,emptyplate_959.jpg,0
emptyplate_960,emptyplate_960.jpg,0
emptyplate_961,emptyplate_961.jpg,0
emptyplate_962,emptyplate_962.jpg,0
emptyplate_963,emptyplate_963.jpg,0
emptyplate_964,emptyplate_964.jpg,0
emptyplate_965,emptyplate_965.jpg,0
emptyplate_966,emptyplate_966.jpg,0
emptyplate_967,emptyplate_967.jpg,0
emptyplate_968,emptyplate_968.jpg,0
emptyplate_969,emptyplate_969.jpg,0
emptyplate_970,emptyplate_970.jpg,0
emptyplate_971,emptyplate_971.jpg,0
emptyplate_972,emptyplate_972.jpg,0
emptyplate_973,emptyplate_973.jpg,0
emptyplate_974,emptyplate_974.jpg,0
emptyplate_975,emptyplate_975.jpg,0
emptyplate_976,emptyplate_976.jpg,0
emptyplate_977,emptyplate_977.jpg,0
emptyplate_978,emptyplate_978.jpg,0
emptyplate_979,emptyplate_979.jpg,0
emptyplate_980,emptyplate_980.jpg,0
emptyplate_981,emptyplate_981.jpg,0
emptyplate_982,emptyplate_982.jpg,0
emptyplate_983,emptyplate_983.jpg,0
emptyplate_984,emptyplate_984.jpg,0
emptyplate_985,emptyplate_985.jpg,0
emptyplate_986,emptyplate_986.jpg,0
emptyplate_987,emptyplate_987.jpg,0
emptyplate_988,emptyplate_988.jpg,0
emptyplate_989,emptyplate_989.jpg,0
emptyplate_990,emptyplate_990.jpg,0
emptyplate_991,emptyplate_991.jpg,0
emptyplate_992,emptyplate_992.jpg,0
emptyplate_993,emptyplate_993.jpg,0
emptyplate_994,emptyplate_994.jpg,0
emptyplate_995,emptyplate_995.jpg,0
emptyplate_996,emptyplate_996.jpg,0
emptyplate_997,emptyplate_997.jpg,0
emptyplate_998,emptyplate_998.jpg,0
emptyplate_999,emptyplate_999.jpg,0
emptyplate_1000,emptyplate_1000.jpg,0
